partial_points,cd,emd
1000,44.046216306686404,28.110845260620117
500,44.36482089996338,27.99572292327881
250,44.904644947052,28.10932939529419
-1,44.24789366722107,28.07845299720764
